{
    "loss": 2.0430052280426025,
    "accuracy": 0.7886179089546204
}