{
    "loss": 2.0603749752044678,
    "accuracy": 0.6829268336296082
}