{
    "loss": 6.445329189300537,
    "accuracy": 0.5068492889404297
}